{
  "name": "newLambda-mergeSort",
  "runtime": "nodejs4.3",
  "description": "Serverless Lambda function for project: gmbz-sls",
  "customName": false,
  "customRole": "arn:aws:iam::292274580527:role/cc116_lambda",
  "handler": "newLambda-mergeSort/handler.handler",
  "timeout": 300,
  "memorySize": 1024,
  "authorizer": {},
  "custom": {
    "excludePatterns": []
  },
  "endpoints": [
    {
      "path": "newLambda-mergeSort",
      "method": "GET",
      "type": "AWS",
      "authorizationType": "none",
      "authorizerFunction": false,
      "apiKeyRequired": false,
      "requestParameters": {},
      "requestTemplates": {
        "application/json": "{\"array\" : $input.params('array') }"
      },
      "responses": {
        "400": {
          "statusCode": "400"
        },
        "default": {
          "statusCode": "200",
          "responseParameters": {},
          "responseModels": {},
          "responseTemplates": {
            "application/json": ""
          }
        }
      }
    }
  ],
  "events": [],
  "environment": {
    "SERVERLESS_PROJECT": "${project}",
    "SERVERLESS_STAGE": "${stage}",
    "SERVERLESS_REGION": "${region}"
  },
  "vpc": {
    "securityGroupIds": [],
    "subnetIds": []
  }
}